{"page":[{"pid":"PA18","src":"https://books.google.co.in/books/content?id=Y83LQyWXzDUC\u0026pg=PA18\u0026img=1\u0026zoom=3\u0026hl=en\u0026sig=ACfU3U0T_k8TBGvbaf6pxaTvHxXfw1kU3Q","flags":0,"order":45,"uf":"https://books.google.co.in/books_feedback?id=Y83LQyWXzDUC\u0026spid=AFLRE71nnxMgfu4EyI_plDUILt1xmDwpcI1TUnV_taSDK8F2WFqZhDU\u0026ftype=0"},{"pid":"PA17","src":"https://books.google.co.in/books/content?id=Y83LQyWXzDUC\u0026pg=PA17\u0026img=1\u0026zoom=3\u0026hl=en\u0026sig=ACfU3U0HMKlLl0njGxREAA2uWk5jpMqGwA"},{"pid":"PA19","src":"https://books.google.co.in/books/content?id=Y83LQyWXzDUC\u0026pg=PA19\u0026img=1\u0026zoom=3\u0026hl=en\u0026sig=ACfU3U0EJLdHacne5kb3t2jbApbAPc6aVA"},{"pid":"PA20","src":"https://books.google.co.in/books/content?id=Y83LQyWXzDUC\u0026pg=PA20\u0026img=1\u0026zoom=3\u0026hl=en\u0026sig=ACfU3U3bl6hrNgK-4a_OxAX08PkjhCEvkA"},{"pid":"PA21","src":"https://books.google.co.in/books/content?id=Y83LQyWXzDUC\u0026pg=PA21\u0026img=1\u0026zoom=3\u0026hl=en\u0026sig=ACfU3U2TWIbi1If79JGhl_ebwPng8dId-g"},{"pid":"PP1"},{"pid":"PR3"},{"pid":"PR4"},{"pid":"PR7"},{"pid":"PR8"},{"pid":"PR9"},{"pid":"PR10"},{"pid":"PR11"},{"pid":"PR12"},{"pid":"PR13"},{"pid":"PR14"},{"pid":"PR15"},{"pid":"PR16"},{"pid":"PR17"},{"pid":"PR18"},{"pid":"PR19"},{"pid":"PR20"},{"pid":"PR21"},{"pid":"PR23"},{"pid":"PR24"},{"pid":"PR25"},{"pid":"PR26"},{"pid":"PA1"},{"pid":"PA2"},{"pid":"PA3"},{"pid":"PA4"},{"pid":"PA5"},{"pid":"PA6"},{"pid":"PA7"},{"pid":"PA8"},{"pid":"PA9"},{"pid":"PA10"},{"pid":"PA11"},{"pid":"PA12"},{"pid":"PA13"},{"pid":"PA14"},{"pid":"PA15"},{"pid":"PA16"},{"pid":"PA17"},{"pid":"PA18"},{"pid":"PA19"},{"pid":"PA20"},{"pid":"PA21"},{"pid":"PA22"},{"pid":"PA23"},{"pid":"PA24"},{"pid":"PA25"},{"pid":"PA26"},{"pid":"PA27"},{"pid":"PA28"},{"pid":"PA29"},{"pid":"PA30"},{"pid":"PA31"},{"pid":"PA32"},{"pid":"PA33"},{"pid":"PA34"},{"pid":"PA35"},{"pid":"PA36"},{"pid":"PA37"},{"pid":"PA38"},{"pid":"PA39"},{"pid":"PA40"},{"pid":"PA41"},{"pid":"PA42"},{"pid":"PA43"},{"pid":"PA44"},{"pid":"PA45"},{"pid":"PA46"},{"pid":"PA47"},{"pid":"PA48"},{"pid":"PA49"},{"pid":"PA50"},{"pid":"PA51"},{"pid":"PA52"},{"pid":"PA53"},{"pid":"PA54"},{"pid":"PA55"},{"pid":"PA56"},{"pid":"PA57"},{"pid":"PA58"},{"pid":"PA59"},{"pid":"PA60"},{"pid":"PA61"},{"pid":"PA62"},{"pid":"PA63"},{"pid":"PA64"},{"pid":"PA65"},{"pid":"PA66"},{"pid":"PA67"},{"pid":"PA68"},{"pid":"PA69"},{"pid":"PA70"},{"pid":"PA71"},{"pid":"PA72"},{"pid":"PA73"},{"pid":"PA74"},{"pid":"PA75"},{"pid":"PA76"},{"pid":"PA77"},{"pid":"PA78"},{"pid":"PA79"},{"pid":"PA81"},{"pid":"PA82"},{"pid":"PA83"},{"pid":"PA84"},{"pid":"PA85"},{"pid":"PA86"},{"pid":"PA87"},{"pid":"PA88"},{"pid":"PA89"},{"pid":"PA90"},{"pid":"PA91"},{"pid":"PA92"},{"pid":"PA93"},{"pid":"PA94"},{"pid":"PA95"},{"pid":"PA96"},{"pid":"PA97"},{"pid":"PA98"},{"pid":"PA99"},{"pid":"PA100"},{"pid":"PA101"},{"pid":"PA102"},{"pid":"PA103"},{"pid":"PA104"},{"pid":"PA105"},{"pid":"PA106"},{"pid":"PA107"},{"pid":"PA108"},{"pid":"PA109"},{"pid":"PA110"},{"pid":"PA111"},{"pid":"PA112"},{"pid":"PA113"},{"pid":"PA114"},{"pid":"PA115"},{"pid":"PA116"},{"pid":"PA117"},{"pid":"PA118"},{"pid":"PA119"},{"pid":"PA120"},{"pid":"PA121"},{"pid":"PA122"},{"pid":"PA123"},{"pid":"PA124"},{"pid":"PA125"},{"pid":"PA126"},{"pid":"PA127"},{"pid":"PA128"},{"pid":"PA129"},{"pid":"PA130"},{"pid":"PA131"},{"pid":"PA132"},{"pid":"PA133"},{"pid":"PA134"},{"pid":"PA135"},{"pid":"PA136"},{"pid":"PA137"},{"pid":"PA138"},{"pid":"PA139"},{"pid":"PA140"},{"pid":"PA141"},{"pid":"PA142"},{"pid":"PA143"},{"pid":"PA144"},{"pid":"PA145"},{"pid":"PA146"},{"pid":"PA147"},{"pid":"PA148"},{"pid":"PA149"},{"pid":"PA150"},{"pid":"PA151"},{"pid":"PA152"},{"pid":"PA153"},{"pid":"PA154"},{"pid":"PA155"},{"pid":"PA156"},{"pid":"PA157"},{"pid":"PA158"},{"pid":"PA159"},{"pid":"PA160"},{"pid":"PA161"},{"pid":"PA162"},{"pid":"PA163"},{"pid":"PA164"},{"pid":"PA165"},{"pid":"PA166"},{"pid":"PA167"},{"pid":"PA168"},{"pid":"PA169"},{"pid":"PA170"},{"pid":"PA171"},{"pid":"PA172"},{"pid":"PA173"},{"pid":"PA174"},{"pid":"PA175"},{"pid":"PA176"},{"pid":"PA177"},{"pid":"PA178"},{"pid":"PA179"},{"pid":"PA180"},{"pid":"PA181"},{"pid":"PA182"},{"pid":"PA183"},{"pid":"PA184"},{"pid":"PA185"},{"pid":"PA186"},{"pid":"PA187"},{"pid":"PA188"},{"pid":"PA189"},{"pid":"PA190"},{"pid":"PA191"},{"pid":"PA192"},{"pid":"PA193"},{"pid":"PA194"},{"pid":"PA195"},{"pid":"PA196"},{"pid":"PA197"},{"pid":"PA198"},{"pid":"PA199"},{"pid":"PA200"},{"pid":"PA201"},{"pid":"PA202"},{"pid":"PA203"},{"pid":"PA204"},{"pid":"PA205"},{"pid":"PA206"},{"pid":"PA207"},{"pid":"PA208"},{"pid":"PA209"},{"pid":"PA210"},{"pid":"PA211"},{"pid":"PA212"},{"pid":"PA213"},{"pid":"PA214"},{"pid":"PA215"},{"pid":"PA216"},{"pid":"PA217"},{"pid":"PA218"},{"pid":"PA219"},{"pid":"PA220"},{"pid":"PA221"},{"pid":"PA222"},{"pid":"PA223"},{"pid":"PA224"},{"pid":"PA225"},{"pid":"PA226"},{"pid":"PA227"},{"pid":"PA228"},{"pid":"PA229"},{"pid":"PA230"},{"pid":"PA231"},{"pid":"PA232"},{"pid":"PA233"},{"pid":"PA234"},{"pid":"PA235"},{"pid":"PA236"},{"pid":"PA237"},{"pid":"PA238"},{"pid":"PA239"},{"pid":"PA240"},{"pid":"PA241"},{"pid":"PA242"},{"pid":"PA243"},{"pid":"PA244"},{"pid":"PA245"},{"pid":"PA246"},{"pid":"PA247"},{"pid":"PA248"},{"pid":"PA249"},{"pid":"PA250"},{"pid":"PA251"},{"pid":"PA252"},{"pid":"PA253"},{"pid":"PA254"},{"pid":"PA255"},{"pid":"PA256"},{"pid":"PA257"},{"pid":"PA258"},{"pid":"PA259"},{"pid":"PA260"},{"pid":"PA261"},{"pid":"PA262"},{"pid":"PA263"},{"pid":"PA264"},{"pid":"PA265"},{"pid":"PA266"},{"pid":"PA267"},{"pid":"PA268"},{"pid":"PA269"},{"pid":"PA270"},{"pid":"PA271"},{"pid":"PA272"},{"pid":"PA273"},{"pid":"PA274"},{"pid":"PA275"},{"pid":"PA276"},{"pid":"PA277"},{"pid":"PA278"},{"pid":"PA279"},{"pid":"PA280"},{"pid":"PA281"},{"pid":"PA282"},{"pid":"PA283"},{"pid":"PA284"},{"pid":"PA285"},{"pid":"PA286"},{"pid":"PA287"},{"pid":"PA288"},{"pid":"PA289"},{"pid":"PA290"},{"pid":"PA291"},{"pid":"PA292"},{"pid":"PA293"},{"pid":"PA294"},{"pid":"PA295"},{"pid":"PA296"},{"pid":"PA297"},{"pid":"PA298"},{"pid":"PA299"},{"pid":"PA300"},{"pid":"PA301"},{"pid":"PA302"},{"pid":"PA303"},{"pid":"PA304"},{"pid":"PA305"},{"pid":"PA306"},{"pid":"PA307"},{"pid":"PA308"},{"pid":"PA309"},{"pid":"PA310"},{"pid":"PA311"},{"pid":"PA313"},{"pid":"PA314"},{"pid":"PA315"},{"pid":"PA316"},{"pid":"PA317"},{"pid":"PA318"},{"pid":"PA319"},{"pid":"PA320"},{"pid":"PA321"},{"pid":"PA322"},{"pid":"PA323"},{"pid":"PA324"},{"pid":"PA325"},{"pid":"PA326"},{"pid":"PA327"},{"pid":"PA328"},{"pid":"PA329"},{"pid":"PA330"},{"pid":"PA331"},{"pid":"PA332"},{"pid":"PA333"},{"pid":"PA334"},{"pid":"PA335"},{"pid":"PA336"},{"pid":"PA337"},{"pid":"PA338"},{"pid":"PA339"},{"pid":"PA340"},{"pid":"PA341"},{"pid":"PA342"},{"pid":"PA343"},{"pid":"PA344"},{"pid":"PA345"},{"pid":"PA346"},{"pid":"PA347"},{"pid":"PA348"},{"pid":"PA349"},{"pid":"PA350"},{"pid":"PA351"},{"pid":"PA352"},{"pid":"PA353"},{"pid":"PA354"},{"pid":"PA355"},{"pid":"PA356"},{"pid":"PA357"},{"pid":"PA358"},{"pid":"PA359"},{"pid":"PA360"},{"pid":"PA361"},{"pid":"PA362"},{"pid":"PA363"},{"pid":"PA364"},{"pid":"PA365"},{"pid":"PA366"},{"pid":"PA367"},{"pid":"PA368"},{"pid":"PA369"},{"pid":"PA370"},{"pid":"PA371"},{"pid":"PA372"},{"pid":"PA373"},{"pid":"PA374"},{"pid":"PA375"},{"pid":"PA376"},{"pid":"PA377"},{"pid":"PA378"},{"pid":"PA379"},{"pid":"PA380"},{"pid":"PA381"},{"pid":"PA383"},{"pid":"PA384"},{"pid":"PA385"},{"pid":"PA386"},{"pid":"PA387"},{"pid":"PA388"},{"pid":"PA389"},{"pid":"PA390"},{"pid":"PA391"},{"pid":"PA392"},{"pid":"PA393"},{"pid":"PA394"},{"pid":"PA395"},{"pid":"PA396"},{"pid":"PA397"},{"pid":"PA398"},{"pid":"PA399"},{"pid":"PA400"},{"pid":"PA401"},{"pid":"PA402"},{"pid":"PA403"},{"pid":"PA404"},{"pid":"PA405"},{"pid":"PA406"},{"pid":"PA407"},{"pid":"PA408"},{"pid":"PA409"},{"pid":"PA410"},{"pid":"PA411"},{"pid":"PA412"},{"pid":"PA413"},{"pid":"PA414"},{"pid":"PA415"},{"pid":"PA416"},{"pid":"PA419"},{"pid":"PA421"},{"pid":"PA422"},{"pid":"PA424"},{"pid":"PA425"},{"pid":"PA427"},{"pid":"PA428"},{"pid":"PA431"},{"pid":"PA432"},{"pid":"PA433"},{"pid":"PA434"},{"pid":"PA436"},{"pid":"PA437"},{"pid":"PA442"},{"pid":"PA443"},{"pid":"PA444"},{"pid":"PA445"},{"pid":"PA446"},{"pid":"PA448"},{"pid":"PA449"},{"pid":"PA451"},{"pid":"PA452"},{"pid":"PA455"},{"pid":"PA457"},{"pid":"PA458"},{"pid":"PA460"},{"pid":"PA461"},{"pid":"PA462"},{"pid":"PA463"},{"pid":"PA464"},{"pid":"PA466"},{"pid":"PA467"},{"pid":"PA469"},{"pid":"PA471"},{"pid":"PA472"},{"pid":"PA473"},{"pid":"PA475"},{"pid":"PA476"},{"pid":"PA477"},{"pid":"PA478"},{"pid":"PA479"},{"pid":"PA485"},{"pid":"PA487"},{"pid":"PA488"},{"pid":"PA489"},{"pid":"PA490"},{"pid":"PA492"},{"pid":"PA494"},{"pid":"PA495"},{"pid":"PA496"},{"pid":"PA497"},{"pid":"PA499"},{"pid":"PA500"},{"pid":"PA501"},{"pid":"PA502"},{"pid":"PA503"},{"pid":"PA504"},{"pid":"PA506"},{"pid":"PA507"},{"pid":"PA508"},{"pid":"PA509"},{"pid":"PA510"},{"pid":"PA514"},{"pid":"PA515"},{"pid":"PA516"},{"pid":"PA517"},{"pid":"PA518"},{"pid":"PA519"},{"pid":"PA520"},{"pid":"PA521"},{"pid":"PA522"},{"pid":"PA523"},{"pid":"PA524"},{"pid":"PA525"},{"pid":"PA526"},{"pid":"PA528"},{"pid":"PA529"},{"pid":"PA532"},{"pid":"PA533"},{"pid":"PA534"},{"pid":"PA535"},{"pid":"PA536"},{"pid":"PA537"},{"pid":"PA538"},{"pid":"PA539"},{"pid":"PA540"},{"pid":"PA541"},{"pid":"PA543"},{"pid":"PA544"},{"pid":"PA546"},{"pid":"PA549"},{"pid":"PA551"},{"pid":"PA553"},{"pid":"PA555"},{"pid":"PA558"},{"pid":"PA560"},{"pid":"PA561"},{"pid":"PA562"},{"pid":"PA564"},{"pid":"PA565"},{"pid":"PA566"},{"pid":"PA570"},{"pid":"PA572"},{"pid":"PA576"},{"pid":"PA577"},{"pid":"PA579"},{"pid":"PA580"},{"pid":"PA581"},{"pid":"PA583"},{"pid":"PA584"},{"pid":"PA586"},{"pid":"PA594"},{"pid":"PA598"},{"pid":"PA600"},{"pid":"PA601"},{"pid":"PA602"},{"pid":"PA605"},{"pid":"PA606"},{"pid":"PA607"},{"pid":"PA611"},{"pid":"PA613"},{"pid":"PA614"},{"pid":"PA615"},{"pid":"PA616"},{"pid":"PA617"},{"pid":"PA618"},{"pid":"PA622"},{"pid":"PA623"},{"pid":"PA624"},{"pid":"PA625"},{"pid":"PA626"},{"pid":"PA627"},{"pid":"PA628"},{"pid":"PA629"},{"pid":"PA631"},{"pid":"PA634"},{"pid":"PA635"},{"pid":"PA636"},{"pid":"PA637"},{"pid":"PA642"},{"pid":"PA643"},{"pid":"PA644"},{"pid":"PA651"},{"pid":"PA652"},{"pid":"PA653"},{"pid":"PA655"},{"pid":"PA658"},{"pid":"PA660"},{"pid":"PA661"},{"pid":"PA663"},{"pid":"PA665"},{"pid":"PA671"},{"pid":"PA672"},{"pid":"PA673"},{"pid":"PA675"},{"pid":"PA676"},{"pid":"PA678"},{"pid":"PA680"},{"pid":"PA683"},{"pid":"PA688"},{"pid":"PA689"},{"pid":"PA690"},{"pid":"PA692"},{"pid":"PA695"},{"pid":"PA698"},{"pid":"PA702"},{"pid":"PA703"},{"pid":"PA704"},{"pid":"PA706"},{"pid":"PA707"},{"pid":"PA709"},{"pid":"PA710"},{"pid":"PA711"},{"pid":"PA716"},{"pid":"PA718"},{"pid":"PA719"},{"pid":"PA720"},{"pid":"PA724"},{"pid":"PA726"},{"pid":"PA727"},{"pid":"PA729"},{"pid":"PA730"},{"pid":"PA734"},{"pid":"PA736"},{"pid":"PA739"},{"pid":"PA740"},{"pid":"PA741"},{"pid":"PA744"},{"pid":"PA746"},{"pid":"PA747"},{"pid":"PA760"},{"pid":"PA761"},{"pid":"PA762"},{"pid":"PA765"},{"pid":"PA768"},{"pid":"PA769"},{"pid":"PA770"},{"pid":"PA771"},{"pid":"PA776"},{"pid":"PA778"},{"pid":"PA779"},{"pid":"PA784"},{"pid":"PA789"},{"pid":"PA842"},{"pid":"PA843"},{"pid":"PA844"},{"pid":"PA845"},{"pid":"PA846"},{"pid":"PA847"},{"pid":"PA848"},{"pid":"PA849"},{"pid":"PA850"},{"pid":"PA851"},{"pid":"PA852"},{"pid":"PA853"},{"pid":"PA854"}]}