{"page":[{"pid":"PA161","flags":16,"order":188},{"pid":"PP1"},{"pid":"PR3"},{"pid":"PR4"},{"pid":"PR7"},{"pid":"PR8"},{"pid":"PR9"},{"pid":"PR10"},{"pid":"PR11"},{"pid":"PR12"},{"pid":"PR13"},{"pid":"PR14"},{"pid":"PR15"},{"pid":"PR16"},{"pid":"PR17"},{"pid":"PR18"},{"pid":"PR19"},{"pid":"PR20"},{"pid":"PR21"},{"pid":"PR23"},{"pid":"PR24"},{"pid":"PR25"},{"pid":"PR26"},{"pid":"PA1"},{"pid":"PA2"},{"pid":"PA3"},{"pid":"PA4"},{"pid":"PA5"},{"pid":"PA6"},{"pid":"PA7"},{"pid":"PA8"},{"pid":"PA9"},{"pid":"PA10"},{"pid":"PA11"},{"pid":"PA12"},{"pid":"PA13"},{"pid":"PA14"},{"pid":"PA15"},{"pid":"PA16"},{"pid":"PA17"},{"pid":"PA18"},{"pid":"PA19"},{"pid":"PA20"},{"pid":"PA21"},{"pid":"PA22"},{"pid":"PA23"},{"pid":"PA24"},{"pid":"PA25"},{"pid":"PA26"},{"pid":"PA27"},{"pid":"PA28"},{"pid":"PA29"},{"pid":"PA30"},{"pid":"PA31"},{"pid":"PA32"},{"pid":"PA33"},{"pid":"PA34"},{"pid":"PA35"},{"pid":"PA36"},{"pid":"PA37"},{"pid":"PA38"},{"pid":"PA39"},{"pid":"PA40"},{"pid":"PA41"},{"pid":"PA42"},{"pid":"PA43"},{"pid":"PA44"},{"pid":"PA45"},{"pid":"PA46"},{"pid":"PA47"},{"pid":"PA48"},{"pid":"PA49"},{"pid":"PA50"},{"pid":"PA51"},{"pid":"PA52"},{"pid":"PA53"},{"pid":"PA54"},{"pid":"PA55"},{"pid":"PA56"},{"pid":"PA57"},{"pid":"PA58"},{"pid":"PA59"},{"pid":"PA60"},{"pid":"PA61"},{"pid":"PA62"},{"pid":"PA63"},{"pid":"PA64"},{"pid":"PA65"},{"pid":"PA66"},{"pid":"PA67"},{"pid":"PA68"},{"pid":"PA69"},{"pid":"PA70"},{"pid":"PA71"},{"pid":"PA72"},{"pid":"PA73"},{"pid":"PA74"},{"pid":"PA75"},{"pid":"PA76"},{"pid":"PA77"},{"pid":"PA78"},{"pid":"PA79"},{"pid":"PA81"},{"pid":"PA82"},{"pid":"PA83"},{"pid":"PA84"},{"pid":"PA85"},{"pid":"PA86"},{"pid":"PA87"},{"pid":"PA88"},{"pid":"PA89"},{"pid":"PA90"},{"pid":"PA91"},{"pid":"PA92"},{"pid":"PA93"},{"pid":"PA94"},{"pid":"PA95"},{"pid":"PA96"},{"pid":"PA97"},{"pid":"PA98"},{"pid":"PA99"},{"pid":"PA100"},{"pid":"PA101"},{"pid":"PA102"},{"pid":"PA103"},{"pid":"PA104"},{"pid":"PA105"},{"pid":"PA106"},{"pid":"PA107"},{"pid":"PA108"},{"pid":"PA109"},{"pid":"PA110"},{"pid":"PA111"},{"pid":"PA112"},{"pid":"PA113"},{"pid":"PA114"},{"pid":"PA115"},{"pid":"PA116"},{"pid":"PA117"},{"pid":"PA118"},{"pid":"PA119"},{"pid":"PA120"},{"pid":"PA121"},{"pid":"PA122"},{"pid":"PA123"},{"pid":"PA124"},{"pid":"PA125"},{"pid":"PA126"},{"pid":"PA127"},{"pid":"PA128"},{"pid":"PA129"},{"pid":"PA130"},{"pid":"PA131"},{"pid":"PA132"},{"pid":"PA133"},{"pid":"PA134"},{"pid":"PA135"},{"pid":"PA136"},{"pid":"PA137"},{"pid":"PA138"},{"pid":"PA139"},{"pid":"PA140"},{"pid":"PA141"},{"pid":"PA142"},{"pid":"PA143"},{"pid":"PA144"},{"pid":"PA145"},{"pid":"PA146"},{"pid":"PA147"},{"pid":"PA148"},{"pid":"PA149"},{"pid":"PA150"},{"pid":"PA151"},{"pid":"PA152"},{"pid":"PA153"},{"pid":"PA154"},{"pid":"PA155"},{"pid":"PA156"},{"pid":"PA157"},{"pid":"PA158"},{"pid":"PA159"},{"pid":"PA160"},{"pid":"PA854"}]}